recall,precision
1.0,0.14245014245014245
0.64,0.21993127147766323
0.0,1.0