i_tpr,i_fpr
0.0,0.0
0.015873015873015872,0.0
1.0,0.0
1.0,0.7559808612440191
1.0,0.7655502392344498
1.0,1.0