i_tpr,i_fpr
0.0,0.0
0.025,0.0
0.975,0.0
0.975,0.004694835680751174
1.0,0.004694835680751174
1.0,0.3427230046948357
1.0,0.352112676056338
1.0,1.0